{
  "accuracy": 0.8333333333333334,
  "precision": 0.825,
  "recall": 0.9705882352941176,
  "f1_score": 0.8918918918918919
}