,Model,Accuracy,Precision,Recall,F1,AUC
0,Logistic Regression,0.8536585365853658,0.8316831683168316,0.9882352941176471,0.9032258064516129,0.8055727554179567
1,Neural Network,0.8455284552845529,0.84375,0.9529411764705882,0.8950276243093923,0.8061919504643963
2,Random Forest,0.8211382113821138,0.8387096774193549,0.9176470588235294,0.8764044943820225,0.8102167182662539
3,KNN,0.7967479674796748,0.8333333333333334,0.8823529411764706,0.8571428571428571,0.7800309597523221
4,Decision Tree,0.7560975609756098,0.8235294117647058,0.8235294117647058,0.8235294117647058,0.7143962848297213
5,Logistic Regression (Weighted),0.8699186991869918,0.8484848484848485,0.9882352941176471,0.9130434782608695,0.8071207430340558
6,Random Forest (Weighted),0.8211382113821138,0.8387096774193549,0.9176470588235294,0.8764044943820225,0.8046439628482972
7,Decision Tree (Weighted),0.7398373983739838,0.8441558441558441,0.7647058823529411,0.8024691358024691,0.7244582043343653
